epoch,loss,train_accuracy
0,1.7925308084487914,0.4525
1,0.7076711258888244,0.888
