model_seed,method,context_rho,route_rho,synthesis_rho,dense_context_rho,dense_route_rho,mean_heldout_accuracy,final_trained_accuracy,mean_forgetting,heldout_context_r2,heldout_context_mae
3,d4_no_geo,0.34977675767454836,0.30361824326289333,0.5589426131903001,0.2854163954799952,0.2492800776515421,0.5611979166666666,0.628125,0.090625,0.015161710828017205,43.265936138904635
3,d4_full_legacy_route,0.4624541855390405,0.2815942506415172,0.5543739382834985,0.3529342524752629,0.22570069801587078,0.5638020833333334,0.63359375,0.0859375,0.08017318846794685,40.88402044052695
3,d4_full_stationary_route,0.4724357470202053,0.2775221708332809,0.549383157542916,0.36336594869049416,0.23984256242919885,0.568359375,0.63515625,0.0890625,0.14128464589713163,39.0724375654724
