model_seed,stage,current_angle,seen_angles,wall_seconds,forward_images,optimizer_steps,loss,current_ce,anchor_ce,host_diversity
1,0,-60.0,[-60.0],0.9253593680004997,1024,16,2.0141392201185226,1.9713368937373161,0.0,0.8560462296009064
1,1,-30.0,"[-60.0, -30.0]",1.4876029909992212,2048,16,1.5180707946419716,1.3566349409520626,1.2515370845794678,0.7256430424749851
1,2,0.0,"[-60.0, -30.0, 0.0]",2.0495873090003442,3072,16,0.6839432455599308,0.534114696085453,1.1997655034065247,0.5970398746430874
1,3,60.0,"[-60.0, -30.0, 0.0, 60.0]",3.1926018899994233,4096,16,2.197437822818756,2.0554558858275414,1.1793870106339455,0.48086501471698284
1,4,30.0,"[-60.0, -30.0, 0.0, 60.0, 30.0]",5.933574011000019,5120,16,0.9017611667513847,0.7472062408924103,1.3063007220625877,0.4784970209002495
