model_seed,method,mean_heldout_accuracy,final_trained_accuracy,router_parameters,mean_forgetting
3,r0_mlp,0.5723958333333333,0.635,4740,0.003749999999999987
3,r1_linear,0.5632812500000001,0.62375,20,0.00031250000000000445
3,r2_prototype_energy,0.5635416666666667,0.6287499999999999,24,0.0006250000000000089
3,r3_hybrid_energy,0.565625,0.61875,42,0.0012499999999999955
3,r4_smooth_residual,0.5682291666666667,0.6290625000000001,141,0.0006249999999999867
3,r5_smooth_residual_continuity,0.5619791666666667,0.628125,141,0.00031250000000000445
