model_seed,metric,rho,stress,near_far_auc
3,centroid,0.5096211910197103,0.5026095740217049,0.8245614035087719
3,log_euclidean,0.8339222760764671,0.3483228606530287,0.9964912280701755
3,airm,0.8138650420584772,0.35565237865992494,0.9859649122807017
3,bures,0.8614782219051759,0.327662581408093,1.0
3,centroid_plus_log_euclidean,0.6342963752513178,0.4412051090712995,0.9263157894736842
