model_seed,method,nominal_route_rho,functional_route_rho,mean_heldout_accuracy,final_trained_accuracy,router_parameters,mean_forgetting
0,r0_mlp,0.28258247488766247,0.291590709975639,0.5677083333333334,0.62,4740,0.10656249999999998
0,r1_linear,0.4087772213351051,0.388476413705751,0.5682291666666667,0.6234375,20,0.1046875
0,r2_prototype_energy,0.33278823935262564,0.30635944820697436,0.5716145833333334,0.6212500000000001,24,0.093125
