model_seed,metric,rho,stress,near_far_auc
4,centroid,0.44100433780027065,0.5369103631812862,0.8140350877192983
4,log_euclidean,0.3999798319231839,0.514655200554955,0.7719298245614036
4,airm,0.4085705891432306,0.5092837112227979,0.7754385964912281
4,bures,0.4086433921705191,0.5135819969708005,0.768421052631579
4,centroid_plus_log_euclidean,0.4639736929098019,0.5098087825856451,0.8140350877192982
