model_seed,method,nominal_route_rho,functional_route_rho,mean_heldout_accuracy,final_trained_accuracy,router_parameters,mean_forgetting
2,r0_mlp,0.33525135104151005,0.3072235236784782,0.5776041666666667,0.6390625,4740,0.093125
2,r1_linear,0.3331159921176788,0.28982283142474613,0.5656249999999999,0.6321875,20,0.1
2,r2_prototype_energy,0.4342128222836255,0.3930450886125528,0.5677083333333334,0.63375,24,0.10187499999999998
