model_seed,method,mean_heldout_accuracy,final_trained_accuracy,router_parameters,mean_forgetting
2,r0_mlp,0.58046875,0.6403125,4740,0.0009375000000000133
2,r1_linear,0.5710937500000001,0.6340625,20,0.0006249999999999977
2,r2_prototype_energy,0.57265625,0.6268750000000001,24,0.0009375000000000022
2,r3_hybrid_energy,0.5700520833333333,0.6221875,42,0.00031249999999999334
