model_seed,stage,current_angle,seen_angles,wall_seconds,forward_images,optimizer_steps,loss,current_ce,anchor_ce,host_diversity
4,0,-60.0,[-60.0],0.8936727110012725,1024,16,1.9380745887756348,1.8949036225676537,0.0,0.8634191602468491
4,1,-30.0,"[-60.0, -30.0]",1.5033029620026355,2048,16,1.4815011993050575,1.3199956715106964,1.2537066712975502,0.7226969636976719
4,2,0.0,"[-60.0, -30.0, 0.0]",3.03067887999714,3072,16,0.6573549620807171,0.5124617842957377,1.1662050671875477,0.5654534362256527
4,3,60.0,"[-60.0, -30.0, 0.0, 60.0]",4.15292085299734,4096,16,1.9958948716521263,1.8603930845856667,1.1419931054115295,0.42604958824813366
4,4,30.0,"[-60.0, -30.0, 0.0, 60.0, 30.0]",3.8875927469998715,5120,16,0.859922856092453,0.71546452306211,1.2369279339909554,0.4153107739984989
