model_seed,method,nominal_route_rho,functional_route_rho,mean_heldout_accuracy,final_trained_accuracy,router_parameters,mean_forgetting
1,r0_mlp,0.4060757439989093,0.41249175267237437,0.5601562499999999,0.6228125,4740,0.100625
1,r1_linear,0.459390193780892,0.4125811397901161,0.5632812500000001,0.6265625,20,0.10437500000000002
1,r2_prototype_energy,0.49279118011040157,0.4215893748780927,0.55078125,0.6040625000000001,24,0.10218749999999999
