epoch,loss,train_accuracy
0,1.5406257815361022,0.606
1,0.5623613724708557,0.909
