model_seed,metric,rho,stress,near_far_auc
2,centroid,0.45520092812153395,0.5244925621125014,0.8175438596491228
2,log_euclidean,0.6613426998890067,0.40349627167169233,0.9298245614035088
2,airm,0.6687686086724368,0.4021158543760442,0.9298245614035088
2,bures,0.6497306170364863,0.4117827841707446,0.9403508771929824
2,centroid_plus_log_euclidean,0.5729598247607314,0.46414572156316813,0.9087719298245615
