model_seed,method,mean_heldout_accuracy,final_trained_accuracy,router_parameters,mean_forgetting
1,r0_mlp,0.5575520833333333,0.618125,4740,0.003125
1,r1_linear,0.55078125,0.6153124999999999,20,0.0
1,r2_prototype_energy,0.54453125,0.614375,24,0.0
1,r3_hybrid_energy,0.5549479166666667,0.6200000000000001,42,0.0009374999999999911
1,r4_smooth_residual,0.5544270833333332,0.6134375,141,0.0006250000000000034
1,r5_smooth_residual_continuity,0.55703125,0.6190625000000001,141,0.0
