model_seed,metric,rho,stress,near_far_auc
1,centroid,0.8005420880646762,0.3724292363060402,0.9859649122807017
1,log_euclidean,0.82387545831065,0.3326038983959338,0.9719298245614035
1,airm,0.8069851559797111,0.33693593879719513,0.9649122807017545
1,bures,0.8353419351085936,0.32422199191205,0.9789473684210526
1,centroid_plus_log_euclidean,0.8739275395715145,0.33913561165321526,1.0
