method,scale,signed_route_effect,orthogonal_abs_effect_mean,csr
cb_d4_no_geo,-0.5,-0.0266227200627326,0.0374821193981915,0.710277873561685
cb_d4_no_geo,-0.25,-0.014894213527441,0.0206384308403357,0.7216737378275749
cb_d4_no_geo,0.0,-1.3352805527944154e-09,3.922905555953093e-09,0.0
cb_d4_no_geo,0.25,0.0156940165907144,0.0214878108818084,0.7303683319365503
cb_d4_no_geo,0.5,0.0296783186495304,0.0403891990426927,0.7348082990742005
cb_d4_full_alignment,-0.5,-0.0485518164932727,0.0264827546197921,1.8333370976819447
cb_d4_full_alignment,-0.25,-0.0250486321747303,0.0134807961294427,1.8580973953031452
cb_d4_full_alignment,0.0,6.445819433764655e-10,1.5782889439819312e-09,0.0
cb_d4_full_alignment,0.25,0.0223310552537441,0.0125343216350302,1.7815926464926957
cb_d4_full_alignment,0.5,0.0390711836516857,0.0232498628320172,1.6804909316661012
