model_seed,method,nominal_route_rho,functional_route_rho,mean_heldout_accuracy,final_trained_accuracy,router_parameters,mean_forgetting
4,r0_mlp,0.2565211641149496,0.2664332022823152,0.57421875,0.6359375,4740,0.08968749999999999
4,r1_linear,0.38213986024805635,0.370271237392343,0.56875,0.63125,20,0.09374999999999997
4,r2_prototype_energy,0.3077697782869001,0.31634100968813916,0.5643229166666667,0.635625,24,0.08812500000000002
