model_seed,stage,current_angle,seen_angles,wall_seconds,forward_images,optimizer_steps,loss,current_ce,anchor_ce,host_diversity
3,0,-60.0,[-60.0],0.9562399100013863,1024,16,1.8268117532134056,1.784789502620697,0.0,0.8404451161623001
3,1,-30.0,"[-60.0, -30.0]",1.5596099340000364,2048,16,1.5348892323672771,1.378735475242138,1.206859976053238,0.7093554139137268
3,2,0.0,"[-60.0, -30.0, 0.0]",2.1892405039998266,3072,16,0.6748722065240145,0.5288449367508292,1.1817923039197922,0.5569605492055416
3,3,60.0,"[-60.0, -30.0, 0.0, 60.0]",3.0901937349990476,4096,16,1.9634483084082603,1.8214441239833832,1.2119090519845486,0.41626640781760216
3,4,30.0,"[-60.0, -30.0, 0.0, 60.0, 30.0]",5.459953790999862,5120,16,0.8521787784993649,0.7048377189785242,1.2740683108568192,0.398684611544013
