model_seed,method,context_rho,route_rho,synthesis_rho,dense_context_rho,dense_route_rho,mean_heldout_accuracy,final_trained_accuracy,mean_forgetting,heldout_context_r2,heldout_context_mae
0,d4_no_geo,0.37517759696616926,0.3041893276262435,0.5662177313842834,0.29775720736997524,0.21943303523461996,0.5638020833333334,0.62890625,0.090625,0.03704262233299194,43.04409940059977
0,d4_full_legacy_route,0.4169412447555204,0.23975611358738122,0.5662425611392118,0.29770677789932154,0.2042681729880303,0.5638020833333334,0.62421875,0.0984375,0.22562295881946925,35.7941963860604
0,d4_full_stationary_route,0.4091943612179,0.2916006418776103,0.5590667619649416,0.3003867440540633,0.22208418454898815,0.56640625,0.61875,0.10078125,0.20602255426373206,36.79238146697434
