model_seed,metric,rho,stress,near_far_auc
0,centroid,0.4905467978701153,0.5127506114345431,0.8421052631578948
0,log_euclidean,0.5305156598515183,0.45294539076825313,0.880701754385965
0,airm,0.5264386903233605,0.4563968725823865,0.8842105263157896
0,bures,0.4710355865567893,0.46831360215203793,0.8385964912280701
0,centroid_plus_log_euclidean,0.5273487281644673,0.47387770390091627,0.8807017543859649
