model_seed,method,context_rho,route_rho,synthesis_rho,dense_context_rho,dense_route_rho,mean_heldout_accuracy,final_trained_accuracy,mean_forgetting,heldout_context_r2,heldout_context_mae
2,d4_no_geo,0.3712544956875025,0.23973128383245296,0.5564844674524014,0.3292612181083775,0.24481346739363916,0.5625,0.61953125,0.08984375,0.0014819455841472706,43.74941318881167
2,d4_full_legacy_route,0.4934665494444505,0.31849126646492737,0.5482906483260721,0.3943944815627325,0.24630473888297125,0.5572916666666666,0.62734375,0.0796875,0.06088193932726915,41.609162667638294
2,d4_full_stationary_route,0.47874250477198604,0.3130038906257796,0.5429770807714223,0.36674472322429486,0.2475078419685677,0.5546875,0.6265625,0.08046875,0.15646450937445644,38.74168730128762
