model_seed,method,context_rho,route_rho,synthesis_rho,dense_context_rho,dense_route_rho,mean_heldout_accuracy,final_trained_accuracy,mean_forgetting,heldout_context_r2,heldout_context_mae
4,d4_no_geo,0.3350278832471556,0.29274281060431073,0.5646534568238024,0.30147457977816544,0.27459567191972073,0.55078125,0.628125,0.08515625,0.011219037362245943,44.51485305276645
4,d4_full_legacy_route,0.43802170668962226,0.22071169155739767,0.5530083017624436,0.3431149141179699,0.14934327523601143,0.5598958333333334,0.625,0.096875,0.13602948448733787,38.5880073177947
4,d4_full_stationary_route,0.40484915410545264,0.21867565165327946,0.5445910148417599,0.3088012614431449,0.15064723726291532,0.5501302083333334,0.625,0.09765625,0.13654721925298596,38.65757484596952
