model_seed,method,mean_heldout_accuracy,final_trained_accuracy,router_parameters,mean_forgetting
0,r0_mlp,0.5661458333333335,0.6378125,4740,0.0006250000000000089
0,r1_linear,0.5567708333333333,0.6256250000000001,20,0.0009375000000000022
0,r2_prototype_energy,0.5377604166666666,0.6065625,24,0.0006250000000000089
0,r3_hybrid_energy,0.5499999999999999,0.60375,42,0.00031249999999999334
