model_seed,method,nominal_route_rho,functional_route_rho,mean_heldout_accuracy,final_trained_accuracy,router_parameters,mean_forgetting
3,r0_mlp,0.27531232264466476,0.27036623546295324,0.5661458333333332,0.6334375,4740,0.09968750000000001
3,r1_linear,0.4479784384158588,0.42892905043488955,0.5632812500000001,0.6284375000000001,20,0.103125
3,r2_prototype_energy,0.43013081057341784,0.34288898365744613,0.5796875,0.6453125,24,0.079375
