model_seed,method,context_rho,route_rho,synthesis_rho,dense_context_rho,dense_route_rho,mean_heldout_accuracy,final_trained_accuracy,mean_forgetting,heldout_context_r2,heldout_context_mae
1,d4_no_geo,0.2190729277321318,0.15086559094417237,0.5620215028014057,0.20219336048113346,0.14539536810483272,0.5533854166666666,0.6265625,0.090625,0.017241663405746177,43.7720250548486
1,d4_full_legacy_route,0.46481301225722627,0.34108634344965366,0.5926117608730352,0.3542814397627271,0.2583861992095893,0.5611979166666666,0.621875,0.096875,0.11275622779315764,39.83704341806578
1,d4_full_stationary_route,0.42036775093562184,0.3143446973919062,0.5804451809581825,0.3189375850445471,0.24471981266242507,0.5638020833333334,0.6234375,0.09296875,0.1032856111402286,40.13789377070733
