epoch,loss,train_accuracy
0,1.8511046986579895,0.4725
1,0.7154634346961976,0.878
